id,first_name,last_name,email,gender,ip_address
1,Hulda,Loudiane,hloudiane0@dailymotion.com,Female,75.157.61.125
2,Ingaborg,Kinde,ikinde1@rakuten.co.jp,Female,22.3.13.175
3,Butch,Kneller,bkneller2@theatlantic.com,Male,247.255.40.60
4,Jillana,Byfford,jbyfford3@taobao.com,Female,41.44.189.38
5,Adolphus,Crafter,acrafter4@amazon.com,Male,248.67.225.229
6,Ethelred,Pearle,epearle5@npr.org,Male,62.230.174.105
7,Mohandis,Ruprich,mruprich6@tinypic.com,Male,132.99.82.196
8,Brantley,Kidwell,bkidwell7@friendfeed.com,Male,35.134.251.223
9,Petronilla,Gray,pgray8@furl.net,Female,65.239.171.192
10,Cher,Lean,clean9@utexas.edu,Female,103.248.26.220
11,Carey,Blackhall,cblackhalla@redcross.org,Male,43.144.12.48
12,Mervin,Sutch,msutchb@sina.com.cn,Male,14.202.8.140
13,Mureil,Catto,mcattoc@163.com,Female,126.88.193.235
14,Johnny,Dzeniskevich,jdzeniskevichd@census.gov,Male,207.46.244.244
15,Courtenay,Ruck,crucke@yahoo.co.jp,Female,53.233.149.244
16,Paddy,Joderli,pjoderlif@cisco.com,Male,42.129.193.140
17,Trula,Grevatt,tgrevattg@sciencedaily.com,Female,109.165.130.215
18,Alaster,Wollacott,awollacotth@google.fr,Male,67.213.38.194
19,Wakefield,Dusting,wdustingi@amazon.co.jp,Male,25.231.50.240
20,Rica,Dionisi,rdionisij@vimeo.com,Female,53.221.201.1